id,name,year,season,status,type,comment,url,downloaded
1,Akebi-chan no Sailor-fuku,2022,winter,unwatched,TV,,https://myanimelist.net/anime/48553/Akebi-chan_no_Sailor-fuku,0
2,Arifureta Shokugyou de Sekai Saikyou 2nd Season,2022,winter,unwatched,TV,,https://myanimelist.net/anime/40507/Arifureta_Shokugyou_de_Sekai_Saikyou_2nd_Season,0
3,Ginga Eiyuu Densetsu: Die Neue These - Gekitotsu,2022,winter,unwatched,Movie,,https://myanimelist.net/anime/42886/Ginga_Eiyuu_Densetsu__Die_Neue_These_-_Gekitotsu,0
4,"Goodbye, Don Glees!",2022,winter,unwatched,Movie,,https://myanimelist.net/anime/49345/Goodbye_Don_Glees,0
5,Irodorimidori,2022,winter,unwatched,Short TV,,https://myanimelist.net/anime/50267/Irodorimidori,0
6,Karakai Jouzu no Takagi-san 3,2022,winter,unwatched,TV,,https://myanimelist.net/anime/49721/Karakai_Jouzu_no_Takagi-san_3,0
7,Shingeki no Kyojin: The Final Season Part 2,2022,winter,unwatched,TV,,https://myanimelist.net/anime/48583/Shingeki_no_Kyojin__The_Final_Season_Part_2,0
8,Slow Loop,2022,winter,unwatched,TV,,https://myanimelist.net/anime/45425/Slow_Loop,0
9,Sono Bisque Doll wa Koi wo Suru,2022,winter,unwatched,TV,,https://myanimelist.net/anime/48736/Sono_Bisque_Doll_wa_Koi_wo_Suru,0
832,Tensai Ouji no Akaji Kokka Saisei Jutsu,2022,winter,unwatched,TV,,https://myanimelist.net/anime/47159/Tensai_Ouji_no_Akaji_Kokka_Saisei_Jutsu,0
10,Vanitas no Karte Part 2,2022,winter,unwatched,TV,,https://myanimelist.net/anime/49114/Vanitas_no_Karte_Part_2,0
834,Aharen-san wa Hakarenai,2022,spring,unwatched,TV,,https://myanimelist.net/anime/49520/Aharen-san_wa_Hakarenai,0
11,Ao Ashi,2022,spring,unwatched,TV,,https://myanimelist.net/anime/49052/Ao_Ashi,0
833,Dance Dance Danseur,2022,spring,unwatched,TV,,https://myanimelist.net/anime/48702/Dance_Dance_Danseur,0
12,Deaimon,2022,spring,unwatched,TV,,https://myanimelist.net/anime/48779/Deaimon,0
835,"Gaikotsu Kishi-sama, Tadaima Isekai e Odekakechuu",2022,spring,unwatched,TV,,https://myanimelist.net/anime/48760/Gaikotsu_Kishi-sama_Tadaima_Isekai_e_Odekakechuu,0
13,Healer Girl,2022,spring,unwatched,TV,,https://myanimelist.net/anime/48857/Healer_Girl,0
14,Isekai Quartet Movie: Another World,2022,spring,unwatched,Movie,,https://myanimelist.net/anime/41567/Isekai_Quartet_Movie__Another_World,0
15,Kaginado Season 2,2022,spring,unwatched,Short TV,,https://myanimelist.net/anime/50685/Kaginado_Season_2,0
16,Kaguya-sama wa Kokurasetai: Ultra Romantic,2022,spring,unwatched,TV,,https://myanimelist.net/anime/43608/Kaguya-sama_wa_Kokurasetai__Ultra_Romantic,0
17,Karakai Jouzu no Takagi-san Movie,2022,spring,unwatched,Movie,,https://myanimelist.net/anime/49722/Karakai_Jouzu_no_Takagi-san_Movie,0
18,"Komi-san wa, Comyushou desu. 2nd Season",2022,spring,unwatched,TV,,https://myanimelist.net/anime/50631/Komi-san_wa_Comyushou_desu_2nd_Season,0
19,Kunoichi Tsubaki no Mune no Uchi,2022,spring,unwatched,TV,,https://myanimelist.net/anime/50338/Kunoichi_Tsubaki_no_Mune_no_Uchi,0
20,Otome Game Sekai wa Mob ni Kibishii Sekai desu,2022,spring,unwatched,TV,,https://myanimelist.net/anime/50461/Otome_Game_Sekai_wa_Mob_ni_Kibishii_Sekai_desu,0
836,Shachiku-san wa Youjo Yuurei ni Iyasaretai.,2022,spring,unwatched,TV,,https://myanimelist.net/anime/49160/Shachiku-san_wa_Youjo_Yuurei_ni_Iyasaretai,0
21,Spy x Family,2022,spring,unwatched,TV,,https://myanimelist.net/anime/50265/Spy_x_Family,0
22,Summertime Render,2022,spring,unwatched,TV,,https://myanimelist.net/anime/47194/Summertime_Render,0
23,Tomodachi Game,2022,spring,unwatched,TV,,https://myanimelist.net/anime/50273/Tomodachi_Game,0
24,Dungeon ni Deai wo Motomeru no wa Machigatteiru Darou ka IV: Shin Shou -,2022,summer,unwatched,TV,,https://myanimelist.net/anime/47164/Dungeon_ni_Deai_wo_Motomeru_no_wa_Machigatteiru_Darou_ka_IV__Shin_Shou_-_Meikyuu-hen,0
25,Ginga Eiyuu Densetsu: Die Neue These - Sakubou,2022,summer,unwatched,Movie,,https://myanimelist.net/anime/51805/Ginga_Eiyuu_Densetsu__Die_Neue_These_-_Sakubou,0
26,Isekai Ojisan,2022,summer,unwatched,TV,,https://myanimelist.net/anime/49220/Isekai_Ojisan,0
27,Isekai Yakkyoku,2022,summer,unwatched,TV,,https://myanimelist.net/anime/49438/Isekai_Yakkyoku,0
28,Kumichou Musume to Sewagakari,2022,summer,unwatched,TV,,https://myanimelist.net/anime/49776/Kumichou_Musume_to_Sewagakari,0
838,Lycoris Recoil,2022,summer,unwatched,TV,,https://myanimelist.net/anime/50709/Lycoris_Recoil,0
29,Made in Abyss: Retsujitsu no Ougonkyou,2022,summer,unwatched,TV,,https://myanimelist.net/anime/41084/Made_in_Abyss__Retsujitsu_no_Ougonkyou,0
30,"Natsu e no Tunnel, Sayonara no Deguchi",2022,summer,unwatched,Movie,,https://myanimelist.net/anime/50593/Natsu_e_no_Tunnel_Sayonara_no_Deguchi,0
32,Prima Doll,2022,summer,unwatched,TV,,https://myanimelist.net/anime/50917/Prima_Doll,0
837,Shine Post,2022,summer,unwatched,TV,,https://myanimelist.net/anime/50221/Shine_Post,0
33,Yoru wa Neko to Issho,2022,summer,unwatched,Short TV,,https://myanimelist.net/anime/51692/Yoru_wa_Neko_to_Issho,0
34,Youkoso Jitsuryoku Shijou Shugi no Kyoushitsu e 2nd Season,2022,summer,unwatched,TV,,https://myanimelist.net/anime/51096/Youkoso_Jitsuryoku_Shijou_Shugi_no_Kyoushitsu_e_2nd_Season,0
840,Akiba Meido Sensou,2022,fall,unwatched,TV,,https://myanimelist.net/anime/52193/Akiba_Meido_Sensou,0
35,Berserk: Ougon Jidai-hen - Memorial Edition,2022,fall,unwatched,TV,,https://myanimelist.net/anime/52976/Berserk__Ougon_Jidai-hen_-_Memorial_Edition,0
36,Blue Lock,2022,fall,unwatched,TV,,https://myanimelist.net/anime/49596/Blue_Lock,0
37,Bocchi the Rock!,2022,fall,unwatched,TV,,https://myanimelist.net/anime/47917/Bocchi_the_Rock,0
38,Chainsaw Man,2022,fall,unwatched,TV,,https://myanimelist.net/anime/44511/Chainsaw_Man,0
39,Do It Yourself!!,2022,fall,unwatched,TV,,https://myanimelist.net/anime/48542/Do_It_Yourself,0
841,"Fuufu Ijou, Koibito Miman.",2022,fall,unwatched,TV,,https://myanimelist.net/anime/50425/Fuufu_Ijou_Koibito_Miman,0
40,Kage no Jitsuryokusha ni Naritakute!,2022,fall,unwatched,TV,,https://myanimelist.net/anime/48316/Kage_no_Jitsuryokusha_ni_Naritakute,0
41,Kaguya-sama wa Kokurasetai: First Kiss wa Owaranai,2022,fall,unwatched,Movie,,https://myanimelist.net/anime/52198/Kaguya-sama_wa_Kokurasetai__First_Kiss_wa_Owaranai,0
42,Poputepipikku 2nd Season,2022,fall,unwatched,Short TV,,https://myanimelist.net/anime/50663/Poputepipikku_2nd_Season,0
43,Spy x Family Part 2,2022,fall,unwatched,TV,,https://myanimelist.net/anime/50602/Spy_x_Family_Part_2,0
44,Suzume no Tojimari,2022,fall,unwatched,Movie,,https://myanimelist.net/anime/50594/Suzume_no_Tojimari,0
45,Tensei shitara Ken deshita,2022,fall,unwatched,TV,,https://myanimelist.net/anime/49891/Tensei_shitara_Ken_deshita,0
819,Idoly Pride,2021,winter,unwatched,TV,,https://myanimelist.net/anime/40842/Idoly_Pride,1
818,"Kumo desu ga, Nani ka?",2021,winter,unwatched,TV,,https://myanimelist.net/anime/37984/Kumo_desu_ga_Nani_ka,1
46,Mushoku Tensei: Isekai Ittara Honki Dasu,2021,winter,completed,TV,,https://myanimelist.net/anime/39535/Mushoku_Tensei__Isekai_Ittara_Honki_Dasu,1
47,Non Non Biyori Nonstop,2021,winter,unwatched,TV,,https://myanimelist.net/anime/39808/Non_Non_Biyori_Nonstop,1
48,Re:Zero kara Hajimeru Isekai Seikatsu 2nd Season Part 2,2021,winter,completed,TV,,https://myanimelist.net/anime/42203/Re_Zero_kara_Hajimeru_Isekai_Seikatsu_2nd_Season_Part_2,1
49,Shingeki no Kyojin: The Final Season,2021,winter,completed,TV,,https://myanimelist.net/anime/40028/Shingeki_no_Kyojin__The_Final_Season,0
50,Wonder Egg Priority,2021,winter,unwatched,TV,,https://myanimelist.net/anime/43299/Wonder_Egg_Priority,1
51,Yatogame-chan Kansatsu Nikki Sansatsume,2021,winter,unwatched,Short TV,dl all 4 	seasons,https://myanimelist.net/anime/42959/Yatogame-chan_Kansatsu_Nikki_Sansatsume,1
52,86,2021,spring,unwatched,TV,,https://myanimelist.net/anime/41457/86,1
53,Eiga Daisuki Pompo-san,2021,spring,unwatched,Movie,,https://myanimelist.net/anime/41361/Eiga_Daisuki_Pompo-san,1
822,Hige wo Soru. Soshite Joshikousei wo Hirou.,2021,spring,unwatched,TV,,https://myanimelist.net/anime/40938/Hige_wo_Soru_Soshite_Joshikousei_wo_Hirou,1
54,"Ijiranaide, Nagatoro-san",2021,spring,unwatched,TV,,https://myanimelist.net/anime/42361/Ijiranaide_Nagatoro-san,1
55,Odd Taxi,2021,spring,unwatched,TV,,https://myanimelist.net/anime/46102/Odd_Taxi,1
821,Seijo no Maryoku wa Bannou desu,2021,spring,unwatched,TV,,https://myanimelist.net/anime/42826/Seijo_no_Maryoku_wa_Bannou_desu,1
823,"Sentouin, Haken shimasu!",2021,spring,unwatched,TV,,https://myanimelist.net/anime/41456/Sentouin_Haken_shimasu,1
56,Shadows House,2021,spring,unwatched,TV,,https://myanimelist.net/anime/43439/Shadows_House,1
57,"Slime Taoshite 300-nen, Shiranai Uchi ni Level Max ni Nattemashita",2021,spring,unwatched,TV,,https://myanimelist.net/anime/40586/Slime_Taoshite_300-nen_Shiranai_Uchi_ni_Level_Max_ni_Nattemashita,1
58,Super Cub,2021,spring,unwatched,TV,,https://myanimelist.net/anime/40685/Super_Cub,1
59,Vivy: Fluorite Eye's Song,2021,spring,unwatched,TV,,https://myanimelist.net/anime/46095/Vivy__Fluorite_Eyes_Song,1
60,Fate/kaleid liner Prisma☆Illya Movie: Licht - Namae no Nai Shoujo,2021,summer,unwatched,Movie,,https://myanimelist.net/anime/42030/Fate_kaleid_liner_Prisma%E2%98%86Illya_Movie__Licht_-_Namae_no_Nai_Shoujo,1
827,Heion Sedai no Idaten-tachi,2021,summer,unwatched,TV,,https://myanimelist.net/anime/42625/Heion_Sedai_no_Idaten-tachi,1
61,Kiniro Mosaic: Thank You!!,2021,summer,unwatched,Movie,"sequel, dl",https://myanimelist.net/anime/41471/Kiniro_Mosaic__Thank_You,1
62,Kobayashi-san Chi no Maid Dragon S,2021,summer,unwatched,TV,,https://myanimelist.net/anime/39247/Kobayashi-san_Chi_no_Maid_Dragon_S,1
63,Love Live! Superstar!!,2021,summer,unwatched,TV,,https://myanimelist.net/anime/41169/Love_Live_Superstar,1
826,Meikyuu Black Company,2021,summer,unwatched,TV,,https://myanimelist.net/anime/42340/Meikyuu_Black_Company,1
64,Seirei Gensouki,2021,summer,unwatched,TV,,https://myanimelist.net/anime/44203/Seirei_Gensouki,1
825,Shinigami Bocchan to Kuro Maid,2021,summer,unwatched,TV,,https://myanimelist.net/anime/47257/Shinigami_Bocchan_to_Kuro_Maid,1
824,Shiroi Suna no Aquatope,2021,summer,unwatched,TV,,https://myanimelist.net/anime/46093/Shiroi_Suna_no_Aquatope,1
65,Sonny Boy,2021,summer,unwatched,TV,,https://myanimelist.net/anime/48849/Sonny_Boy,1
66,Tsuki ga Michibiku Isekai Douchuu,2021,summer,unwatched,TV,,https://myanimelist.net/anime/43523/Tsuki_ga_Michibiku_Isekai_Douchuu,1
67,86 Part 2,2021,fall,unwatched,TV,,https://myanimelist.net/anime/48569/86_Part_2,1
68,Aria the Benedizione,2021,fall,unwatched,Movie,,https://myanimelist.net/anime/48411/Aria_the_Benedizione,1
69,Deji Meets Girl,2021,fall,unwatched,Short TV,,https://myanimelist.net/anime/49505/Deji_Meets_Girl,1
70,Jujutsu Kaisen 0 Movie,2021,fall,unwatched,Movie,,https://myanimelist.net/anime/48561/Jujutsu_Kaisen_0_Movie,1
71,Kaginado,2021,fall,unwatched,Short TV,,https://myanimelist.net/anime/48775/Kaginado,1
72,"Komi-san wa, Comyushou desu.",2021,fall,unwatched,TV,,https://myanimelist.net/anime/48926/Komi-san_wa_Comyushou_desu,1
830,Mieruko-chan,2021,fall,unwatched,TV,,https://myanimelist.net/anime/48483/Mieruko-chan,1
73,Mushoku Tensei: Isekai Ittara Honki Dasu Part 2,2021,fall,completed,TV,,https://myanimelist.net/anime/45576/Mushoku_Tensei__Isekai_Ittara_Honki_Dasu_Part_2,0
74,Ousama Ranking,2021,fall,unwatched,TV,,https://myanimelist.net/anime/40834/Ousama_Ranking,1
831,"Sekai Saikou no Ansatsusha, Isekai Kizoku ni Tensei suru",2021,fall,unwatched,TV,,https://myanimelist.net/anime/47790/Sekai_Saikou_no_Ansatsusha_Isekai_Kizoku_ni_Tensei_suru,1
77,Selection Project,2021,fall,unwatched,TV,,https://myanimelist.net/anime/44275/Selection_Project?q=Selection%20Project&cat=anime,1
75,Senpai ga Uzai Kouhai no Hanashi,2021,fall,unwatched,TV,,https://myanimelist.net/anime/42351/Senpai_ga_Uzai_Kouhai_no_Hanashi,1
76,Summer Ghost,2021,fall,unwatched,Movie,,https://myanimelist.net/anime/48171/Summer_Ghost,1
829,Yuuki Yuuna wa Yuusha de Aru: Dai Mankai no Shou,2021,fall,unwatched,TV,,https://myanimelist.net/anime/42587/Yuuki_Yuuna_wa_Yuusha_de_Aru__Dai_Mankai_no_Shou,1
852,Karakai Jouzu no Takagi-san Movie,2021,other,unwatched,Movie,,https://myanimelist.net/anime/49722/Karakai_Jouzu_no_Takagi-san_Movie,1
78,Eizouken ni wa Te wo Dasu na!,2020,winter,unwatched,TV,dl,https://myanimelist.net/anime/39792/Eizouken_ni_wa_Te_wo_Dasu_na,1
79,Goblin Slayer: Goblin's Crown,2020,winter,unwatched,Movie,dl,https://myanimelist.net/anime/39576/Goblin_Slayer__Goblins_Crown,1
80,Heya Camp△,2020,winter,completed,Short TV,,https://myanimelist.net/anime/38476/Heya_Camp%E2%96%B3,1
81,Id:Invaded,2020,winter,unwatched,TV,dl,https://myanimelist.net/anime/40046/Id_Invaded,1
82,Itai no wa Iya nanode Bougyoryoku ni Kyokufuri Shitai to Omoimasu.,2020,winter,unwatched,TV,dl,https://myanimelist.net/anime/38790/Itai_no_wa_Iya_nanode_Bougyoryoku_ni_Kyokufuri_Shitai_to_Omoimasu,1
83,Made in Abyss Movie 3: Fukaki Tamashii no Reimei,2020,winter,completed,Movie,,https://myanimelist.net/anime/36862/Made_in_Abyss_Movie_3__Fukaki_Tamashii_no_Reimei,1
84,Murenase! Seton Gakuen,2020,winter,completed,TV,,https://myanimelist.net/anime/40483/Murenase_Seton_Gakuen,1
85,Rikei ga Koi ni Ochita no de Shoumei shitemita.,2020,winter,unwatched,TV,,https://myanimelist.net/anime/38992/Rikei_ga_Koi_ni_Ochita_no_de_Shoumei_shitemita,1
86,Somali to Mori no Kamisama,2020,winter,unwatched,TV,dl,https://myanimelist.net/anime/39575/Somali_to_Mori_no_Kamisama,1
87,Arte,2020,spring,unwatched,TV,,https://myanimelist.net/anime/40128/Arte,1
88,Honzuki no Gekokujou: Shisho ni Naru Tame ni wa Shudan wo Erandeiraremasen,2020,spring,completed,TV,,https://myanimelist.net/anime/40815/Honzuki_no_Gekokujou__Shisho_ni_Naru_Tame_ni_wa_Shudan_wo_Erandeiraremasen_2nd_Season,1
89,Houkago Teibou Nisshi,2020,spring,unwatched,TV,dl,https://myanimelist.net/anime/39730/Houkago_Teibou_Nisshi,1
90,Jashin-chan Dropkick',2020,spring,unwatched,TV,,https://myanimelist.net/anime/39049/Jashin-chan_Dropkick,1
91,Kaguya-sama wa Kokurasetai? Tensai-tachi no Renai Zunousen,2020,spring,unwatched,TV,dl,https://myanimelist.net/anime/40591/Kaguya-sama_wa_Kokurasetai_Tensai-tachi_no_Renai_Zunousen,1
92,Kami no Tou,2020,spring,watching,TV,dl,https://myanimelist.net/anime/40221/Kami_no_Tou,1
93,Nakitai Watashi wa Neko wo Kaburu,2020,spring,unwatched,Movie,dl,https://myanimelist.net/anime/41168/Nakitai_Watashi_wa_Neko_wo_Kaburu,1
94,Nami yo Kiitekure,2020,spring,unwatched,TV,,https://myanimelist.net/anime/40513/Nami_yo_Kiitekure,1
95,Fate/stay night Movie: Heaven's Feel - III. Spring Song,2020,summer,unwatched,Movie,dl,https://myanimelist.net/anime/33050/Fate_stay_night_Movie__Heavens_Feel_-_III_Spring_Song,1
96,Umayon,2020,summer,unwatched,Short TV,dl,https://myanimelist.net/anime/38835/Umayon,1
839,Uzaki-chan wa Asobitai!,2020,summer,completed,TV,,https://myanimelist.net/anime/41226/Uzaki-chan_wa_Asobitai,1
97,Adachi to Shimamura,2020,fall,unwatched,TV,,https://myanimelist.net/anime/39790/Adachi_to_Shimamura,1
98,Akudama Drive,2020,fall,unwatched,TV,dl,https://myanimelist.net/anime/41433/Akudama_Drive,1
99,D4DJ First Mix,2020,fall,unwatched,TV,,https://myanimelist.net/anime/39681/D4DJ_First_Mix,1
100,Dogeza de Tanondemita,2020,fall,completed,Short TV,dl,https://myanimelist.net/anime/42571/Dogeza_de_Tanondemita,1
101,Gochuumon wa Usagi desu ka? Bloom,2020,fall,unwatched,TV,dl,https://myanimelist.net/anime/38337/Gochuumon_wa_Usagi_desu_ka_Bloom,1
102,Josee to Tora to Sakana-tachi,2020,fall,completed,Movie,dl,https://myanimelist.net/anime/40787/Josee_to_Tora_to_Sakana-tachi,1
103,Jujutsu Kaisen,2020,fall,unwatched,TV,dl,https://myanimelist.net/anime/40748/Jujutsu_Kaisen,1
105,Love Live! Nijigasaki Gakuen School Idol Doukoukai,2020,fall,completed,TV,,https://myanimelist.net/anime/40879/Love_Live_Nijigasaki_Gakuen_School_Idol_Doukoukai,1
106,Majo no Tabitabi,2020,fall,unwatched,TV,dl,https://myanimelist.net/anime/40571/Majo_no_Tabitabi,1
107,Munou na Nana,2020,fall,unwatched,TV,dl,https://myanimelist.net/anime/41619/Munou_na_Nana,1
108,One Room: Third Season,2020,fall,completed,Short TV,dl,https://myanimelist.net/anime/41364/One_Room__Third_Season,1
109,Aishiteruze Baby★★,2020,other,watching,TV,,https://myanimelist.net/anime/102/Aishiteruze_Baby%E2%98%85%E2%98%85?q=Aishiteruze%20Baby%E2%98%85%E2%98%85&cat=anime,1
110,Ghost Hound,2020,other,unwatched,TV,,https://myanimelist.net/anime/2596/Shinreigari?q=Shinreigari&cat=anime,1
111,Honzuki no Gekokujou: Shisho ni Naru Tame ni wa Shudan wo Erandeiraremasen - Ryoushu no Youjo,2020,other,unwatched,TV,,https://myanimelist.net/anime/57466/Honzuki_no_Gekokujou__Shisho_ni_Naru_Tame_ni_wa_Shudan_wo_Erandeiraremasen_-_Ryoushu_no_Youjo,0
846,Kaguya-sama wa Kokurasetai: Ultra Romantic,2020,other,unwatched,TV,,https://myanimelist.net/anime/43608/Kaguya-sama_wa_Kokurasetai__Ultra_Romantic,1
112,Karakai Jouzu no Takagi-san 3,2020,other,completed,TV,sequel,https://myanimelist.net/anime/49721/Karakai_Jouzu_no_Takagi-san_3,1
851,Karakai Jouzu no Takagi-san Movie,2020,other,unwatched,Movie,,https://myanimelist.net/anime/49722/Karakai_Jouzu_no_Takagi-san_Movie,1
849,Love Live! Nijigasaki Gakuen School Idol Doukoukai 2nd Season,2020,other,completed,TV,,https://myanimelist.net/anime/48916/Love_Live_Nijigasaki_Gakuen_School_Idol_Doukoukai_2nd_Season,1
850,Love Live! Nijigasaki Gakuen School Idol Doukoukai: Next Sky,2020,other,unwatched,OVA,,https://myanimelist.net/anime/53671/Love_Live_Nijigasaki_Gakuen_School_Idol_Doukoukai__Next_Sky,1
113,Machikado Mazoku: 2-choume,2020,other,unwatched,TV,,https://myanimelist.net/anime/42745/Machikado_Mazoku__2-choume,1
114,Shamanic Princess,2020,other,unwatched,OVA,,https://myanimelist.net/anime/1182/Shamanic_Princess?q=Shamanic%20Princess&cat=anime,1
115,Starship Operators,2020,other,unwatched,TV,,https://myanimelist.net/anime/342/Starship_Operators?q=Starship%20operators&cat=anime,1
116,Sword of the Stranger,2020,other,completed,Movie,,https://myanimelist.net/anime/2418/Stranger__Mukou_Hadan?q=Sword%20of%20the%20Stranger&cat=anime,1
848,Tsukimonogatari,2020,other,unwatched,TV,,https://myanimelist.net/anime/28025/Tsukimonogatari,1
853,Uzaki-chan wa Asobitai! Double,2020,other,unwatched,TV,,https://myanimelist.net/anime/42962/Uzaki-chan_wa_Asobitai_Double,1
117,Watashi ni Tenshi ga Maiorita! Precious Friends,2020,other,completed,Movie,sequel,https://myanimelist.net/anime/44141/Watashi_ni_Tenshi_ga_Maiorita_Precious_Friends,1
118,Youkoso Jitsuryoku Shijou Shugi no Kyoushitsu e 4th Season: 2-nensei-hen 1 Gakki,2020,other,unwatched,TV,,https://myanimelist.net/anime/59708/Youkoso_Jitsuryoku_Shijou_Shugi_no_Kyoushitsu_e_4th_Season__2-nensei-hen_1_Gakki,0
119,Yuru Camp△ Season 3,2020,other,unwatched,TV,sequel,https://myanimelist.net/anime/53410/Yuru_Camp△_Season_3,1
120,Boogiepop wa Warawanai (2019),2019,winter,completed,TV,dl,https://myanimelist.net/anime/37451/Boogiepop_wa_Warawanai_2019,0
121,Dororo,2019,winter,completed,TV,dl,https://myanimelist.net/anime/37520/Dororo,1
122,"Doukyonin wa Hiza, Tokidoki, Atama no Ue.",2019,winter,completed,TV,dl,https://myanimelist.net/anime/38145/Doukyonin_wa_Hiza_Tokidoki_Atama_no_Ue,1
123,Dungeon ni Deai wo Motomeru no wa Machigatteiru Darou ka Movie: Orion no,2019,winter,completed,Movie,,https://myanimelist.net/anime/37348/Dungeon_ni_Deai_wo_Motomeru_no_wa_Machigatteiru_Darou_ka_Movie__Orion_no_Ya,1
124,Fate/stay night Movie: Heaven's Feel - II. Lost Butterfly,2019,winter,completed,Movie,,https://myanimelist.net/anime/33049/Fate_stay_night_Movie__Heavens_Feel_-_II_Lost_Butterfly,1
125,Kaguya-sama wa Kokurasetai: Tensai-tachi no Renai Zunousen,2019,winter,completed,TV,dl,https://myanimelist.net/anime/37999/Kaguya-sama_wa_Kokurasetai__Tensai-tachi_no_Renai_Zunousen,1
126,Made in Abyss Movie 1: Tabidachi no Yoake,2019,winter,completed,Movie,,https://myanimelist.net/anime/37514/Made_in_Abyss_Movie_1__Tabidachi_no_Yoake,1
127,Made in Abyss Movie 2: Hourou Suru Tasogare,2019,winter,completed,Movie,,https://myanimelist.net/anime/37515/Made_in_Abyss_Movie_2__Hourou_Suru_Tasogare,1
128,Mahou Shoujo Tokushusen Asuka,2019,winter,completed,TV,,https://myanimelist.net/anime/37979/Mahou_Shoujo_Tokushusen_Asuka,1
129,Mob Psycho 100 II,2019,winter,completed,TV,,https://myanimelist.net/anime/37510/Mob_Psycho_100_II,1
130,Tate no Yuusha no Nariagari,2019,winter,completed,TV,dl,https://myanimelist.net/anime/35790/Tate_no_Yuusha_no_Nariagari,1
131,Watashi ni Tenshi ga Maiorita!,2019,winter,completed,TV,dl,https://myanimelist.net/anime/37993/Watashi_ni_Tenshi_ga_Maiorita,1
132,Fruits Basket 1st Season,2019,spring,completed,TV,dl,https://myanimelist.net/anime/38680/Fruits_Basket_1st_Season,1
133,Hitoribocchi no Marumaru Seikatsu,2019,spring,completed,TV,dl,https://myanimelist.net/anime/37614/Hitoribocchi_no_Marumaru_Seikatsu,1
134,Isekai Quartet,2019,spring,completed,Short TV,dl all seasons,https://myanimelist.net/anime/38472/Isekai_Quartet,1
135,Joshikausei,2019,spring,completed,Short TV,,https://myanimelist.net/anime/38295/Joshikausei,1
136,One Punch Man 2nd Season,2019,spring,completed,TV,,https://myanimelist.net/anime/34134/One_Punch_Man_2nd_Season,1
137,Promare,2019,spring,completed,Movie,dl,https://myanimelist.net/anime/35848/Promare,1
138,Shingeki no Kyojin Season 3 Part 2,2019,spring,completed,TV,,https://myanimelist.net/anime/38524/Shingeki_no_Kyojin_Season_3_Part_2,1
139,Yatogame-chan Kansatsu Nikki,2019,spring,completed,Short TV,,https://myanimelist.net/anime/37940/Yatogame-chan_Kansatsu_Nikki,1
140,Dumbbell Nan Kilo Moteru?,2019,summer,completed,TV,dl,https://myanimelist.net/anime/39026/Dumbbell_Nan_Kilo_Moteru,1
141,Joshikousei no Mudazukai,2019,summer,completed,TV,dl,https://myanimelist.net/anime/38619/Joshikousei_no_Mudazukai,1
142,Karakai Jouzu no Takagi-san 2,2019,summer,completed,TV,dl,https://myanimelist.net/anime/38993/Karakai_Jouzu_no_Takagi-san_2,1
143,Kono Subarashii Sekai ni Shukufuku wo! Movie: Kurenai Densetsu,2019,summer,completed,Movie,,https://myanimelist.net/anime/38040/Kono_Subarashii_Sekai_ni_Shukufuku_wo_Movie__Kurenai_Densetsu,1
144,Machikado Mazoku,2019,summer,completed,TV,dl,https://myanimelist.net/anime/39071/Machikado_Mazoku,1
145,Sounan desu ka?,2019,summer,completed,Short TV,dl,https://myanimelist.net/anime/39456/Sounan_desu_ka,1
146,Tenki no Ko,2019,summer,completed,Movie,dl,https://myanimelist.net/anime/38826/Tenki_no_Ko,1
147,"Uchi no Ko no Tame naraba, Ore wa Moshikashitara Maou mo Taoseru kamo Shirenai.",2019,summer,completed,TV,dl,https://myanimelist.net/anime/39324/Uchi_no_Ko_no_Tame_naraba_Ore_wa_Moshikashitara_Maou_mo_Taoseru_kamo_Shirenai,1
148,Vinland Saga,2019,summer,completed,TV,dl,https://myanimelist.net/anime/37521/Vinland_Saga,1
149,Gochuumon wa Usagi desu ka?? Sing for You,2019,fall,completed,OVA,dl,https://myanimelist.net/anime/38333/Gochuumon_wa_Usagi_desu_ka_Sing_for_You,1
150,Honzuki no Gekokujou: Shisho ni Naru Tame ni wa Shudan wo Erandeiraremasen,2019,fall,completed,TV,dl all seasons,https://myanimelist.net/anime/39468/Honzuki_no_Gekokujou__Shisho_ni_Naru_Tame_ni_wa_Shudan_wo_Erandeiraremasen,1
151,Re:Zero kara Hajimeru Isekai Seikatsu - Hyouketsu no Kizuna,2019,fall,completed,Movie,,https://myanimelist.net/anime/38414/Re_Zero_kara_Hajimeru_Isekai_Seikatsu_-_Hyouketsu_no_Kizuna,1
152,Bakemonogatari,2019,other,completed,TV,"dl, watch all *gatari series, including the ones I have watched before",https://myanimelist.net/anime/5081/Bakemonogatari,1
847,Hanamonogatari,2019,other,completed,TV,,https://myanimelist.net/anime/21855/Hanamonogatari,1
153,Honzuki no Gekokujou: Shisho ni Naru Tame ni wa Shudan wo Erandeiraremasen 2nd Season,2019,other,completed,TV,sequel,https://myanimelist.net/anime/40815/Honzuki_no_Gekokujou__Shisho_ni_Naru_Tame_ni_wa_Shudan_wo_Erandeiraremasen_2nd_Season,1
154,Honzuki no Gekokujou: Shisho ni Naru Tame ni wa Shudan wo Erandeiraremasen 3rd Season,2019,other,completed,TV,sequel,https://myanimelist.net/anime/42429/Honzuki_no_Gekokujou__Shisho_ni_Naru_Tame_ni_wa_Shudan_wo_Erandeiraremasen_3rd_Season,1
155,Kaguya-sama wa Kokurasetai? Tensai-tachi no Renai Zunousen,2019,other,completed,TV,,https://myanimelist.net/anime/40591/Kaguya-sama_wa_Kokurasetai_Tensai-tachi_no_Renai_Zunousen,1
156,KimiKiss Pure Rouge,2019,other,completed,TV,,https://myanimelist.net/anime/2927,1
157,Kiniro Mosaic: Pretty Days,2019,other,completed,Movie,dl,https://myanimelist.net/anime/33034/Kiniro_Mosaic__Pretty_Days,1
845,Monogatari Series: Second Season,2019,other,completed,TV,,https://myanimelist.net/anime/17074/Monogatari_Series__Second_Season,1
158,Nisemonogatari,2019,other,completed,TV,,https://myanimelist.net/anime/11597/Nisemonogatari?q=Nisemonogatari&cat=anime,1
160,Summer Wars,2019,other,completed,Movie,,https://myanimelist.net/anime/5681/Summer_Wars?q=Summer%20wars&cat=anime,1
161,Urara Meirochou,2019,other,completed,TV,,https://myanimelist.net/anime/32924/Urara_Meirochou,1
162,Vinland Saga Season 2,2019,other,completed,TV,,https://myanimelist.net/anime/49387/Vinland_Saga_Season_2,1
163,Yoake Mae yori Ruriiro na: Crescent Love,2019,other,completed,TV,,https://myanimelist.net/anime/1543/Yoake_Mae_yori_Ruriiro_na__Crescent_Love?q=Yoake%20Mae%20yori%20Ruriiro%20na%3A%20Crescent%20Love&cat=anime,1
164,Cardcaptor Sakura: Clear Card-hen,2018,winter,completed,TV,,https://myanimelist.net/anime/33354/Cardcaptor_Sakura__Clear_Card-hen,1
165,Chuunibyou demo Koi ga Shitai! Movie: Take On Me,2018,winter,completed,Movie,dl,https://myanimelist.net/anime/35608/Chuunibyou_demo_Koi_ga_Shitai_Movie__Take_On_Me,1
166,Hakumei to Mikochi,2018,winter,completed,TV,,https://myanimelist.net/anime/36094/Hakumei_to_Mikochi,1
167,Karakai Jouzu no Takagi-san,2018,winter,completed,TV,,https://myanimelist.net/anime/35860/Karakai_Jouzu_no_Takagi-san,1
168,Mitsuboshi Colors,2018,winter,completed,TV,dl,https://myanimelist.net/anime/35078/Mitsuboshi_Colors,1
169,Sayonara no Asa ni Yakusoku no Hana wo Kazarou,2018,winter,completed,Movie,dl,https://myanimelist.net/anime/35851/Sayonara_no_Asa_ni_Yakusoku_no_Hana_wo_Kazarou,1
170,Slow Start,2018,winter,completed,TV,,https://myanimelist.net/anime/35540/Slow_Start,1
171,Sora yori mo Tooi Basho,2018,winter,completed,TV,dl,https://myanimelist.net/anime/35839/Sora_yori_mo_Tooi_Basho,1
172,Yuru Camp△,2018,winter,completed,TV,dl,,1
173,Alice or Alice,2018,spring,completed,Short TV,dl,https://myanimelist.net/anime/36001/Alice_or_Alice,1
174,Comic Girls,2018,spring,completed,TV,dl,https://myanimelist.net/anime/35756/Comic_Girls,1
175,Fumikiri Jikan,2018,spring,completed,Short TV,dl,https://myanimelist.net/anime/37188/Fumikiri_Jikan,1
176,Liz to Aoi Tori,2018,spring,completed,Movie,parent story of Hibike! Euphonium 2,https://myanimelist.net/anime/35677/Liz_to_Aoi_Tori,1
177,Wotaku ni Koi wa Muzukashii,2018,spring,completed,TV,dl,https://myanimelist.net/anime/35968/Wotaku_ni_Koi_wa_Muzukashii,1
178,Kimi no Suizou wo Tabetai,2018,summer,completed,Movie,dl,https://myanimelist.net/anime/36098/Kimi_no_Suizou_wo_Tabetai,1
179,Mirai no Mirai,2018,summer,completed,Movie,dl,https://myanimelist.net/anime/36936/Mirai_no_Mirai,1
180,Non Non Biyori Movie: Vacation,2018,summer,completed,Movie,dl,https://myanimelist.net/anime/36990/Non_Non_Biyori_Movie__Vacation,1
181,Shingeki no Kyojin Season 3,2018,summer,completed,TV,dl,https://myanimelist.net/anime/35760/Shingeki_no_Kyojin_Season_3,1
182,Goblin Slayer,2018,fall,completed,TV,dl,https://myanimelist.net/anime/37349/Goblin_Slayer,1
183,Re:Zero kara Hajimeru Isekai Seikatsu - Memory Snow,2018,fall,completed,Movie,dl,https://myanimelist.net/anime/36286/Re_Zero_kara_Hajimeru_Isekai_Seikatsu_-_Memory_Snow,1
184,Seishun Buta Yarou wa Bunny Girl Senpai no Yume wo Minai,2018,fall,completed,TV,dl,https://myanimelist.net/anime/37450/Seishun_Buta_Yarou_wa_Bunny_Girl_Senpai_no_Yume_wo_Minai,1
185,Tensei shitara Slime Datta Ken,2018,fall,completed,TV,dl,https://myanimelist.net/anime/37430/Tensei_shitara_Slime_Datta_Ken,1
186,Zombieland Saga,2018,fall,completed,TV,dl,https://myanimelist.net/anime/37976/Zombieland_Saga,1
187,Hello!! Kiniro Mosaic,2018,other,completed,TV,,https://myanimelist.net/anime/23269/Hello_Kiniro_Mosaic,1
188,Hibike! Euphonium 2,2018,other,completed,TV,,https://myanimelist.net/anime/31988/Hibike_Euphonium_2,1
189,Kaiba,2018,other,completed,TV,dl,https://myanimelist.net/anime/3701/,1
190,Kiniro Mosaic,2018,other,completed,TV,dl,https://myanimelist.net/anime/16732/Kiniro_Mosaic,1
191,Nana,2018,other,completed,TV,dl,https://myanimelist.net/anime/877/Nana,1
192,Nekojiru-sou,2018,other,completed,OVA,dl,https://myanimelist.net/anime/601/,1
193,Redline,2018,other,completed,Movie,dl,https://myanimelist.net/anime/6675/Redline,1
194,Renkin San-kyuu Magical? Pokaan,2018,other,completed,TV,dl,https://myanimelist.net/anime/941/Renkin_San-kyuu_Magical_Pokaan,1
195,Renkin San-kyuu Magical? Pokaan Specials,2018,other,completed,Special,,https://myanimelist.net/anime/1489/Renkin_San-kyuu_Magical_Pokaan_Specials,1
196,Tsubasa Chronicle,2018,other,completed,TV,,https://myanimelist.net/anime.php?id=177,1
197,Tsubasa Chronicle 2nd Season,2018,other,completed,TV,,https://myanimelist.net/anime/969/Tsubasa_Chronicle_2nd_Season,1
198,Tsubasa RESERVoir CHRoNiCLE: Tokyo Revelations,2018,other,completed,OVA,,https://myanimelist.net/anime/2685/Tsubasa__Tokyo_Revelations,1
199,Tsubasa: Shunraiki,2018,other,completed,OVA,,https://myanimelist.net/anime/4938/Tsubasa__Shunraiki,1
200,Yuru Camp△ Season 2,2018,other,completed,TV,,https://myanimelist.net/anime/38474/Yuru_Camp△_Season_2,1
201,Zombieland Saga Revenge,2018,other,completed,TV,,https://myanimelist.net/anime/40174/Zombieland_Saga_Revenge,1
202,Demi-chan wa Kataritai,2017,winter,completed,TV,dl,https://myanimelist.net/anime/33988/Demi-chan_wa_Kataritai,1
203,Gabriel DropOut,2017,winter,completed,TV,dl,https://myanimelist.net/anime/33731/Gabriel_DropOut,1
204,Kemono Friends,2017,winter,completed,TV,dl,https://myanimelist.net/anime/33089/Kemono_Friends,1
205,Kobayashi-san Chi no Maid Dragon,2017,winter,completed,TV,dl,https://myanimelist.net/anime/33206/Kobayashi-san_Chi_no_Maid_Dragon,1
206,Nyanko Days,2017,winter,completed,Short TV,dl,https://myanimelist.net/anime/34148/Nyanko_Days,1
207,Cinderella Girls Gekijou,2017,spring,completed,Short TV,dl 4+4 seasons,https://myanimelist.net/anime/34257/Cinderella_Girls_Gekijou,1
208,Eromanga-sensei,2017,spring,completed,TV,,https://myanimelist.net/anime/32901/Eromanga-sensei,1
209,Rokudenashi Majutsu Koushi to Akashic Records,2017,spring,completed,TV,dl,https://myanimelist.net/anime/32951/Rokudenashi_Majutsu_Koushi_to_Akashic_Records,1
210,Sakura Quest,2017,spring,completed,TV,dl,https://myanimelist.net/anime/34494/Sakura_Quest,1
211,Shingeki no Kyojin Season 2,2017,spring,completed,TV,dl all 4 seasons,https://myanimelist.net/anime/25777/Shingeki_no_Kyojin_Season_2,1
212,Shuumatsu Nani Shitemasu ka? Isogashii desu ka? Sukutte Moratte Ii desu ka?,2017,spring,completed,TV,dl,https://myanimelist.net/anime/33502/Shuumatsu_Nani_Shitemasu_ka_Isogashii_desu_ka_Sukutte_Moratte_Ii_desu_ka,1
213,Fate/kaleid liner Prisma☆Illya Movie: Sekka no Chikai,2017,summer,completed,Movie,,https://myanimelist.net/anime/34100/Fate_kaleid_liner_Prisma%E2%98%86Illya_Movie__Sekka_no_Chikai,1
214,Kakegurui,2017,summer,completed,TV,dl,https://myanimelist.net/anime/34933/Kakegurui,1
215,Made in Abyss,2017,summer,completed,TV,dl,https://myanimelist.net/anime/34599/Made_in_Abyss,1
216,New Game!!,2017,summer,completed,TV,,https://myanimelist.net/anime/34914/New_Game,1
217,Princess Principal,2017,summer,completed,TV,dl,https://myanimelist.net/anime/35240/Princess_Principal,1
218,Youkoso Jitsuryoku Shijou Shugi no Kyoushitsu e,2017,summer,completed,TV,dl,https://myanimelist.net/anime/35507/Youkoso_Jitsuryoku_Shijou_Shugi_no_Kyoushitsu_e,1
219,Blend S,2017,fall,completed,TV,dl,https://myanimelist.net/anime/34618/Blend_S,1
220,Fate/stay night Movie: Heaven's Feel - I. Presage Flower,2017,fall,completed,Movie,dl,https://myanimelist.net/anime/25537/Fate_stay_night_Movie__Heavens_Feel_-_I_Presage_Flower,1
221,Himouto! Umaru-chan R,2017,fall,completed,TV,dl,https://myanimelist.net/anime/35376/Himouto_Umaru-chan_R,1
222,Houseki no Kuni,2017,fall,completed,TV,dl,https://myanimelist.net/anime/35557/Houseki_no_Kuni,1
223,Konohana Kitan,2017,fall,completed,TV,dl,https://myanimelist.net/anime/35241/Konohana_Kitan,1
224,Net-juu no Susume,2017,fall,completed,TV,dl,https://myanimelist.net/anime/36038/Net-juu_no_Susume,1
225,Shoujo Shuumatsu Ryokou,2017,fall,completed,TV,dl,https://myanimelist.net/anime/35838/Shoujo_Shuumatsu_Ryokou,1
226,Akira,2017,other,completed,Movie,dl,,1
227,Casshern Sins,2017,other,completed,TV,re-watch,https://myanimelist.net/anime/4981/,1
228,Eromanga-sensei OVA,2017,other,completed,OVA,dl,https://myanimelist.net/anime/32901/Eromanga-sensei,1
229,Fate/stay night Movie: Heaven's Feel - II. Lost Butterfly,2017,other,completed,Movie,dl,https://myanimelist.net/anime/33049/Fate_stay_night_Movie__Heavens_Feel_-_II_Lost_Butterfly,1
230,Made in Abyss Movie 3: Fukaki Tamashii no Reimei,2017,other,completed,Movie,"sequel, dl",https://myanimelist.net/anime/36862/Made_in_Abyss_Movie_3__Fukaki_Tamashii_no_Reimei,1
231,Made in Abyss: Retsujitsu no Ougonkyou,2017,other,completed,TV,,https://myanimelist.net/anime/41084/Made_in_Abyss__Retsujitsu_no_Ougonkyou,1
232,Pale Cocoon,2017,other,completed,OVA,dl,https://myanimelist.net/anime/770/Pale_Cocoon,1
233,Paradise Kiss,2017,other,completed,TV,dl,https://myanimelist.net/anime/322/Paradise_Kiss,1
234,Planetes,2017,other,completed,TV,dl,https://myanimelist.net/anime/329/Planetes,1
235,Popotan,2017,other,completed,,,,1
236,Princess Principal: Crown Handler Movie 1,2017,other,completed,Movie,dl,https://myanimelist.net/anime/37807/Princess_Principal__Crown_Handler_Movie_1,1
237,Princess Tutu,2017,other,completed,TV,dl,https://myanimelist.net/anime/721/,1
238,Pupipo!,2017,other,completed,,,,1
239,Re:Zero kara Hajimeru Isekai Seikatsu - Hyouketsu no Kizuna,2017,other,completed,Movie,,,1
240,Sansha Sanyou,2017,other,completed,TV,dl,https://myanimelist.net/anime/31564/Sansha_Sanyou,1
241,Shingeki no Kyojin Season 3,2017,other,completed,TV,,https://myanimelist.net/anime/35760/Shingeki_no_Kyojin_Season_3,1
242,Shingeki no Kyojin Season 3 Part 2,2017,other,completed,TV,,https://myanimelist.net/anime/38524/Shingeki_no_Kyojin_Season_3_Part_2,1
243,Shingeki no Kyojin: The Final Season,2017,other,completed,TV,,https://myanimelist.net/anime/40028/Shingeki_no_Kyojin__The_Final_Season,1
244,Shingeki no Kyojin: The Final Season Part 2,2017,other,completed,TV,,https://myanimelist.net/anime/48583/Shingeki_no_Kyojin__The_Final_Season_Part_2,1
245,Youkoso Jitsuryoku Shijou Shugi no Kyoushitsu e 2nd Season,2017,other,completed,TV,dl,https://myanimelist.net/anime/51096/Youkoso_Jitsuryoku_Shijou_Shugi_no_Kyoushitsu_e_2nd_Season,1
246,Youkoso Jitsuryoku Shijou Shugi no Kyoushitsu e 3rd Season,2017,other,completed,TV,"sequel, dl",https://myanimelist.net/anime/51180/Youkoso_Jitsuryoku_Shijou_Shugi_no_Kyoushitsu_e_3rd_Season,1
247,Boku dake ga Inai Machi,2016,winter,completed,TV,,https://myanimelist.net/anime/31043/Boku_dake_ga_Inai_Machi,1
248,Hai to Gensou no Grimgar,2016,winter,completed,TV,,https://myanimelist.net/anime/31859/Hai_to_Gensou_no_Grimgar,1
249,Kono Subarashii Sekai ni Shukufuku wo!,2016,winter,completed,TV,,https://myanimelist.net/anime/30831/Kono_Subarashii_Sekai_ni_Shukufuku_wo,1
250,Mahou Shoujo Nante Mou Ii desu kara.,2016,winter,completed,Short TV,,https://myanimelist.net/anime/31793/Mahou_Shoujo_Nante_Mou_Ii_desu_kara,1
251,New Initial D Movie: Legend 3 - Mugen,2016,winter,completed,Movie,,https://myanimelist.net/anime/30952/New_Initial_D_Movie__Legend_3_-_Mugen,1
252,Ooya-san wa Shishunki!,2016,winter,completed,Short TV,,https://myanimelist.net/anime/31621/Ooya-san_wa_Shishunki,1
253,Oshiete! Galko-chan,2016,winter,completed,Short TV,,https://myanimelist.net/anime/32013/Oshiete_Galko-chan,1
254,Arslan Senki (TV): Fuujin Ranbu,2016,spring,completed,TV,,https://myanimelist.net/anime/31821/Arslan_Senki_TV__Fuujin_Ranbu,1
255,Fate/kaleid liner Prisma☆Illya 3rei!!,2016,spring,completed,TV,,https://myanimelist.net/anime/31706/Fate_kaleid_liner_Prisma%E2%98%86Illya_3rei,1
256,Fudanshi Koukou Seikatsu,2016,spring,completed,Short TV,,https://myanimelist.net/anime/33222/Fudanshi_Koukou_Seikatsu,1
257,Honobono Log,2016,spring,completed,Short TV,,https://myanimelist.net/anime/33241/Honobono_Log,1
258,Koe no Katachi,2016,spring,completed,Movie,,https://myanimelist.net/anime/28851/Koe_no_Katachi,1
259,Koutetsujou no Kabaneri,2016,spring,completed,TV,,https://myanimelist.net/anime/28623/Koutetsujou_no_Kabaneri,1
260,Mob Psycho 100,2016,spring,completed,TV,,https://myanimelist.net/anime/32182/Mob_Psycho_100,1
261,New Game!,2016,spring,completed,TV,,https://myanimelist.net/anime/31953/New_Game,1
262,Re:Zero kara Hajimeru Isekai Seikatsu,2016,spring,completed,TV,,https://myanimelist.net/anime/31240/Re_Zero_kara_Hajimeru_Isekai_Seikatsu,1
263,Summer,2016,spring,completed,,,,1
264,Gakuen Handsome,2016,fall,completed,Short TV,,https://myanimelist.net/anime/33392/Gakuen_Handsome,1
265,Gantz:O,2016,fall,completed,Movie,,https://myanimelist.net/anime/32071/Gantz_O,1
266,Kiitarou Shounen no Youkai Enikki,2016,fall,completed,Short TV,,https://myanimelist.net/anime/33244/Kiitarou_Shounen_no_Youkai_Enikki,1
267,Kono Sekai no Katasumi ni,2016,fall,completed,Movie,,https://myanimelist.net/anime/15227/Kono_Sekai_no_Katasumi_ni,1
268,Nobunaga no Shinobi,2016,fall,completed,Short TV,,https://myanimelist.net/anime/32829/Nobunaga_no_Shinobi,1
269,Okusama ga Seitokaichou!+!,2016,fall,completed,Short TV,,https://myanimelist.net/anime/32603/Okusama_ga_Seitokaichou_,1
270,Fate/kaleid liner Prisma☆Illya Movie: Sekka no Chikai,2016,other,completed,Movie,,https://myanimelist.net/anime/34100/Fate_kaleid_liner_Prisma☆Illya_Movie__Sekka_no_Chikai,1
271,"Ima, Soko ni Iru Boku",2016,other,completed,TV,,,1
272,Kono Subarashii Sekai ni Shukufuku wo! 2,2016,other,completed,TV,,https://myanimelist.net/anime/32937/Kono_Subarashii_Sekai_ni_Shukufuku_wo_2,1
273,Kono Subarashii Sekai ni Shukufuku wo! Movie: Kurenai Densetsu,2016,other,completed,Movie,,https://myanimelist.net/anime/38040/Kono_Subarashii_Sekai_ni_Shukufuku_wo_Movie__Kurenai_Densetsu,1
274,Koutetsujou no Kabaneri Movie 3: Unato Kessen,2016,other,completed,Movie,,https://myanimelist.net/anime/34544/Koutetsujou_no_Kabaneri_Movie_3__Unato_Kessen,1
275,Mahou Shoujo Lyrical Nanoha,2016,other,completed,TV,,,1
276,Mahou Shoujo Nante Mou Ii desu kara. Second Season,2016,other,completed,Short TV,,https://myanimelist.net/anime/33795/Mahou_Shoujo_Nante_Mou_Ii_desu_kara_Second_Season,1
277,Mai-Otome 0: S.ifr,2016,other,completed,OVA,,https://myanimelist.net/anime/3268/Mai-Otome_0__Sifr,1
278,Mai-Otome Special: Otome no Inori,2016,other,completed,Special,,https://myanimelist.net/anime/8518/Mai-Otome_Special__Otome_no_Inori,1
279,Mob Psycho 100 II,2016,other,completed,TV,,https://myanimelist.net/anime/37510/Mob_Psycho_100_II,1
280,Mob Psycho 100 III,2016,other,completed,TV,,https://myanimelist.net/anime/50172/Mob_Psycho_100_III,1
281,Mushoku Tensei II: Isekai Ittara Honki Dasu,2016,other,completed,TV,,https://myanimelist.net/anime/51179/Mushoku_Tensei_II__Isekai_Ittara_Honki_Dasu,1
282,Mushoku Tensei II: Isekai Ittara Honki Dasu Part 2,2016,other,completed,TV,,https://myanimelist.net/anime/55888/Mushoku_Tensei_II__Isekai_Ittara_Honki_Dasu_Part_2,1
283,Mushoku Tensei: Isekai Ittara Honki Dasu,2016,other,completed,TV,,,1
284,Mushoku Tensei: Isekai Ittara Honki Dasu Part 2,2016,other,completed,TV,,,1
285,New Game!!,2016,other,completed,TV,,https://myanimelist.net/anime/34914/New_Game,1
286,Noein,2016,other,completed,TV,,,1
287,Re:Zero kara Hajimeru Isekai Seikatsu - Hyouketsu no Kizuna,2016,other,completed,Movie,,https://myanimelist.net/anime/38414/Re_Zero_kara_Hajimeru_Isekai_Seikatsu_-_Hyouketsu_no_Kizuna,1
288,Re:Zero kara Hajimeru Isekai Seikatsu 2nd Season,2016,other,completed,TV,,https://myanimelist.net/anime/39587/Re_Zero_kara_Hajimeru_Isekai_Seikatsu_2nd_Season,1
289,Re:Zero kara Hajimeru Isekai Seikatsu 2nd Season Part 2,2016,other,completed,TV,,https://myanimelist.net/anime/42203/Re_Zero_kara_Hajimeru_Isekai_Seikatsu_2nd_Season_Part_2,1
290,Hana to Alice: Satsujin Jiken,2015,winter,completed,Movie,test,https://myanimelist.net/anime/27969/Hana_to_Alice__Satsujin_Jiken,1
291,Military!,2015,winter,completed,Short TV,,https://myanimelist.net/anime/26085/Military,1
292,Psycho-Pass Movie,2015,winter,completed,Movie,,https://myanimelist.net/anime/21339/Psycho-Pass_Movie,1
293,Tokyo Ghoul √A,2015,winter,completed,TV,,https://myanimelist.net/anime/27899/Tokyo_Ghoul_%E2%88%9AA,1
294,Arslan Senki (TV),2015,spring,completed,TV,,https://myanimelist.net/anime/28249/Arslan_Senki_TV,1
295,Danna ga Nani wo Itteiru ka Wakaranai Ken 2 Sure-me,2015,spring,completed,Short TV,,https://myanimelist.net/anime/29067/Danna_ga_Nani_wo_Itteiru_ka_Wakaranai_Ken_2_Sure-me,1
296,Dungeon ni Deai wo Motomeru no wa Machigatteiru Darou ka,2015,spring,completed,TV,,https://myanimelist.net/anime/28121/Dungeon_ni_Deai_wo_Motomeru_no_wa_Machigatteiru_Darou_ka,1
297,Hibike! Euphonium,2015,spring,completed,TV,,https://myanimelist.net/anime/27989/Hibike_Euphonium,1
298,Love Live! The School Idol Movie,2015,spring,completed,Movie,,https://myanimelist.net/anime/24997/Love_Live_The_School_Idol_Movie,1
299,Mushishi Zoku Shou: Suzu no Shizuku,2015,spring,completed,Movie,,https://myanimelist.net/anime/28957/Mushishi_Zoku_Shou__Suzu_no_Shizuku,1
300,Nisekoi:,2015,spring,completed,TV,,https://myanimelist.net/anime/27787/Nisekoi_,1
301,Plastic Memories,2015,spring,completed,TV,,https://myanimelist.net/anime/27775/Plastic_Memories,1
302,Urawa no Usagi-chan,2015,spring,completed,Short TV,,https://myanimelist.net/anime/27927/Urawa_no_Usagi-chan,1
303,Bakemono no Ko,2015,summer,completed,Movie,,https://myanimelist.net/anime/28805/Bakemono_no_Ko,1
304,Danchigai,2015,summer,completed,Short TV,,https://myanimelist.net/anime/30127/Danchigai,1
305,Fate/kaleid liner Prisma☆Illya 2wei Herz!,2015,summer,completed,TV,,https://myanimelist.net/anime/27525/Fate_kaleid_liner_Prisma%E2%98%86Illya_2wei_Herz,1
306,Gakkougurashi!,2015,summer,completed,TV,,https://myanimelist.net/anime/24765/Gakkougurashi,1
307,Himouto! Umaru-chan,2015,summer,completed,Short TV,,https://myanimelist.net/anime/28825/Himouto_Umaru-chan,1
308,Kokoro ga Sakebitagatterunda.,2015,summer,completed,Movie,,https://myanimelist.net/anime/28725/Kokoro_ga_Sakebitagatterunda,1
309,Miss Monochrome The Animation 2,2015,summer,completed,Short TV,,https://myanimelist.net/anime/30384/Miss_Monochrome_The_Animation_2,1
310,Non Non Biyori Repeat,2015,summer,completed,TV,,https://myanimelist.net/anime/23623/Non_Non_Biyori_Repeat,1
311,Okusama ga Seitokaichou!,2015,summer,completed,Short TV,,https://myanimelist.net/anime/28819/Okusama_ga_Seitokaichou,1
312,Overlord,2015,summer,completed,TV,,https://myanimelist.net/anime/29803/Overlord,1
313,Prison School,2015,summer,completed,TV,,https://myanimelist.net/anime/30240/Prison_School,1
314,Wakaba*Girl,2015,summer,completed,Short TV,,https://myanimelist.net/anime/30355/WakabaGirl,1
315,Wakako-zake,2015,summer,completed,Short TV,,https://myanimelist.net/anime/30437/Wakako-zake,1
316,Girls & Panzer Movie,2015,fall,completed,Movie,,,1
317,Gochuumon wa Usagi Desu ka??,2015,fall,completed,TV,,https://myanimelist.net/anime/29787/Gochuumon_wa_Usagi_Desu_ka,1
318,Hacka Doll The Animation,2015,fall,completed,Short TV,,https://myanimelist.net/anime/30721/Hacka_Doll_The_Animation,1
319,Komori-san wa Kotowarenai!,2015,fall,completed,Short TV,,https://myanimelist.net/anime/31091/Komori-san_wa_Kotowarenai,1
320,Little Witch Academia: Mahoujikake no Parade,2015,fall,completed,Movie,,https://myanimelist.net/anime/19489/Little_Witch_Academia__Mahoujikake_no_Parade,1
321,Miss Monochrome The Animation 3,2015,fall,completed,Short TV,,https://myanimelist.net/anime/31560/Miss_Monochrome_The_Animation_3,1
322,Mitsuami no Kamisama,2015,fall,completed,Movie,,https://myanimelist.net/anime/32461/Mitsuami_no_Kamisama,1
323,One Punch Man,2015,fall,completed,TV,,https://myanimelist.net/anime/30276/One_Punch_Man,1
324,Yuru Yuri San☆Hai!,2015,fall,completed,TV,,https://myanimelist.net/anime/30279/Yuru_Yuri_San%E2%98%86Hai,1
325,Last Exile,2015,other,completed,TV,,,1
326,Mai-Otome,2015,other,completed,TV,,,1
327,Metropolis,2015,other,completed,Movie,,,1
328,Midnight Eye: Gokuu,2015,other,completed,OVA,,,1
329,Midori no Hibi,2015,other,completed,TV,,,1
330,Mind Game,2015,other,completed,Movie,,,1
331,Mnemosyne: Mnemosyne no Musume-tachi,2015,other,completed,TV,,,1
332,Mononoke Hime,2015,other,completed,Movie,,,1
333,Moribito - Guardian of the Spirit,2015,other,completed,TV,,,1
334,Mushishi Zoku Shou 2nd Season,2015,other,completed,TV,,,1
335,New Initial D,2015,other,completed,Movie,,,1
336,Chuunibyou demo Koi ga Shitai! Ren,2014,winter,completed,TV,,,1
337,Gin no Saji 2nd Season,2014,winter,completed,TV,,,1
338,Mikakunin de Shinkoukei,2014,winter,completed,TV,,,1
339,Oneechan ga Kita,2014,winter,completed,Short TV,,,1
340,Pupipo!,2014,winter,completed,Short TV,,,1
341,Tonari no Seki-kun,2014,winter,completed,Short TV,,,1
342,Gochuumon wa Usagi desu ka?,2014,spring,completed,TV,,,1
343,Hitsugi no Chaika,2014,spring,completed,TV,,,1
344,Inugami-san to Nekoyama-san,2014,spring,completed,Short TV,,,1
345,Love Live! School Idol Project 2nd Season,2014,spring,completed,TV,,,1
346,Mahou Shoujo Taisen,2014,spring,completed,Short TV,,,1
347,Mangaka-san to Assistant-san to The Animation,2014,spring,completed,Short TV,,,1
348,Mushishi Zoku Shou,2014,spring,completed,TV,,,1
349,Ping Pong The Animation,2014,spring,completed,TV,,,1
350,Sidonia no Kishi,2014,spring,completed,TV,,,1
351,Fate/kaleid liner Prisma☆Illya 2wei!,2014,summer,completed,TV,,,1
352,Gekkan Shoujo Nozaki-kun,2014,summer,completed,TV,,,1
353,Omoide no Marnie,2014,summer,completed,Movie,,,1
354,Zankyou no Terror,2014,summer,completed,TV,,,1
355,Akatsuki no Yona,2014,fall,completed,TV,,,1
356,Danna ga Nani wo Itteiru ka Wakaranai Ken,2014,fall,completed,Short TV,,,1
357,Fate/stay night: Unlimited Blade Works,2014,fall,completed,TV,,,1
358,Fate/stay night: Unlimited Blade Works 2nd Season,2014,fall,completed,TV,,,1
359,Kiseijuu: Sei no Kakuritsu,2014,fall,completed,TV,,,1
360,Mushishi Zoku Shou 2nd Season,2014,fall,completed,TV,,,1
361,Mushishi Zoku Shou: Odoro no Michi,2014,fall,completed,TV,,,1
362,Psycho-Pass 2,2014,fall,completed,TV,,,1
363,Shigatsu wa Kimi no Uso,2014,fall,completed,TV,,,1
364,Yami Shibai 2,2014,fall,completed,TV,,,1
365,3-gatsu no Lion 2nd Season,2014,other,completed,TV,,,1
366,Boogiepop Phantom,2014,other,completed,TV,,,1
367,Death Note,2014,other,completed,TV,,,1
368,Flag,2014,other,completed,TV,,,1
369,Gilgamesh,2014,other,completed,TV,,,1
370,Inferno Cop,2014,other,completed,Short TV,,,1
371,Jyu-Oh-Sei,2014,other,completed,TV,,,1
372,Kemonozume,2014,other,completed,TV,,,1
373,Yami Shibai,2014,other,completed,TV,,,1
374,Love Live! School Idol Project,2013,winter,completed,TV,,,1
375,Mangirl!,2013,winter,completed,Short TV,,,1
376,Namiuchigiwa no Muromi-san,2013,spring,completed,TV,,,1
377,Saint☆Oniisan (Movie),2013,spring,completed,Movie,,,1
378,Shingeki no Kyojin,2013,spring,completed,TV,,,1
379,Sparrow's Hotel,2013,spring,completed,Movie,,,1
380,Fate/kaleid liner Prisma☆Illya,2013,summer,completed,TV,,,1
381,Gin no Saji,2013,summer,completed,TV,,,1
382,Kara no Kyoukai: Mirai Fukuin,2013,summer,completed,Movie,,,1
383,Kaze Tachinu,2013,summer,completed,Movie,,,1
384,Recorder to Randoseru Mi☆,2013,summer,completed,Short TV,,,1
385,Rozen Maiden (2013),2013,summer,completed,TV,,,1
386,Watashi ga Motenai no wa Dou Kangaetemo Omaera ga Warui!,2013,summer,completed,TV,,,1
387,Golden Time,2013,fall,completed,TV,,,1
388,Hinata no Aoshigure,2013,fall,completed,TV,,,1
389,Kaguya-hime no Monogatari,2013,fall,completed,TV,,,1
390,Kill la Kill,2013,fall,completed,TV,,,1
391,Koroshiya-san: The Hired Gun,2013,fall,completed,Short TV,,,1
392,Kyoukai no Kanata,2013,fall,completed,TV,,,1
393,Miss Monochrome: The Animation,2013,fall,completed,Short TV,,,1
394,Nagi no Asu kara,2013,fall,completed,TV,,,1
395,Non Non Biyori,2013,fall,completed,TV,,,1
396,Sakasama no Patema,2013,fall,completed,TV,,,1
397,Super Seisyun Brothers,2013,fall,completed,Short TV,,,1
398,3-gatsu no Lion,2013,other,completed,TV,,,1
399,Hikaru no Go: Hokuto Hai e no Michi,2013,other,completed,Movie,,,1
400,Kurenai,2013,other,completed,TV,,,1
401,Mai-HiME,2013,other,completed,TV,,,1
402,Makai Toshi Shinjuku,2013,other,completed,TV,,,1
403,Shion no Ou,2013,other,completed,TV,,,1
404,Gokujo.: Gokurakuin Joshikou Ryou Monogatari,2012,winter,completed,TV,,,1
405,Haitai Nanafa,2012,winter,completed,Short TV,,,1
406,Hanbun no Tsuki ga Noboru Sora,2012,winter,completed,TV,,,1
407,Hotarubi no Mori e,2012,winter,completed,Movie,,,1
408,Kareshi Kanojo no Jijou (His and Her Circumstances),2012,winter,completed,TV,,,1
409,Ookami Kodomo no Ame to Yuki,2012,summer,completed,Movie,,,1
410,Chuunibyou demo Koi ga Shitai!,2012,fall,completed,TV,,,1
411,Girls and Panzer,2012,fall,completed,TV,,,1
412,Litchi DE Hikari Club,2012,fall,completed,Short TV,,,1
413,Psycho-Pass,2012,fall,completed,TV,,,1
414,Sakurasou no Pet na Kanojo,2012,fall,completed,TV,,,1
415,Shinsekai yori,2012,fall,completed,TV,,,1
416,Teekyuu,2012,fall,completed,Short TV,,,1
417,To LOVE-Ru Darkness,2012,fall,completed,TV,,,1
418,Tonari no Kaibutsu-kun,2012,fall,completed,TV,,,1
419,Wooser no Sono Higurashi,2012,fall,completed,Short TV,,,1
420,Hikaru no Go,2012,other,completed,TV,,,1
421,Iblard Jikan,2012,other,completed,OVA,,,1
422,Kiki's Delivery Service,2012,other,completed,Movie,,,1
423,5 Centimeters per Second,2011,winter,completed,Movie,,,1
424,Binzume Yousei,2011,winter,completed,TV,,,1
425,Cencoroll,2011,winter,completed,Short TV,,,1
426,Cheonnyeon-yeowoo Yeowoobi,2011,winter,completed,Movie,,,1
427,Fantastic Children,2011,winter,completed,TV,,,1
428,Flanders no Inu (Movie),2011,winter,completed,Movie,,,1
429,Gakkou no Kowai Uwasa: Hanako-san ga Kita!!,2011,winter,completed,TV,,,1
430,Giovanni no Shima,2011,winter,completed,Movie,,,1
431,Gungrave,2011,winter,completed,TV,,,1
432,Mitsudomoe Zouryouchuu!,2011,winter,completed,TV,,,1
433,Denpa Onna to Seishun Otoko,2011,spring,completed,TV,,,1
434,Hataraki Man,2011,spring,completed,TV,,,1
435,HenSemi,2011,spring,completed,TV,,,1
436,Honey and Clover,2011,spring,completed,TV,,,1
437,Honey and Clover II,2011,spring,completed,TV,,,1
438,Honto ni Atta! Reibai Sensei,2011,spring,completed,Short TV,,,1
439,Kami nomi zo Shiru Sekai II,2011,spring,completed,TV,,,1
440,Sora no Otoshimono: Tokeijikake no Angeloid,2011,spring,completed,Movie,,,1
441,Usavich IV,2011,spring,completed,Short TV,,,1
442,Elfen Lied,2011,summer,completed,TV,,,1
443,FLCL,2011,summer,completed,OVA,,,1
444,I: Wish You Were Here,2011,summer,completed,TV,,,1
445,Iblard Jikan,2011,summer,completed,TV,,,1
446,Ichigo mashimaro,2011,summer,completed,TV,,,1
447,Infinite Ryvius,2011,summer,completed,TV,,,1
448,Itazura na Kiss,2011,summer,completed,TV,,,1
449,Mawaru Penguindrum,2011,summer,completed,TV,,,1
450,Momo e no Tegami,2011,summer,completed,TV,,,1
451,No.6,2011,summer,completed,TV,,,1
452,Nyanpire The Animation,2011,summer,completed,Short TV,,,1
453,Towa no Quon 1-6,2011,summer,completed,Movie,,,1
454,Carnival Phantasm,2011,fall,completed,TV,,,1
455,Carnival Phantasm EX Season,2011,fall,completed,TV,,,1
456,Carnival Phantasm: HibiChika Special,2011,fall,completed,Special,,,1
457,Carnival Phantasm: Illya-jou,2011,fall,completed,OVA,,,1
458,Fate/Zero,2011,fall,completed,TV,,,1
459,Golden Boy,2011,fall,completed,OVA,,,1
460,Haibane Renmei,2011,fall,completed,TV,,,1
461,High Score,2011,fall,completed,TV,,,1
462,K-On! Movie,2011,fall,completed,Movie,,,1
463,Toaru Hikuushi e no Tsuioku,2011,fall,completed,TV,,,1
464,Gake no Ue no Ponyo,2011,other,completed,TV,,,1
465,Gankutsuou,2011,other,completed,TV,,,1
466,Ghost in the Shell 2: Innocence (m),2011,other,completed,Movie,,,1
467,Ghost in the Shell(m),2011,other,completed,Movie,,,1
468,Giniro no Kami no Agito,2011,other,completed,TV,,,1
469,Gokusen,2011,other,completed,TV,,,1
470,Jin-Roh,2011,other,completed,TV,,,1
471,Joshikousei: Girl's High,2011,other,completed,TV,,,1
472,Juubee Ninpuuchou,2011,other,completed,TV,,,1
473,Juuni Kokuki (The Twelve Kingdoms),2011,other,completed,TV,,,1
474,Top wo Nerae 2! Diebuster (ova),2011,other,completed,OVA,,,1
475,Top wo Nerae! Gunbuster (ova),2011,other,completed,OVA,,,1
476,Dragon ball,2010,spring,completed,TV,,,1
477,Kaichou wa Maid-sama!,2010,spring,completed,TV,,,1
478,Kiss x Sis,2010,spring,completed,OVA,,,1
479,Marie and Gali,2010,spring,completed,TV,,,1
480,Marie and Gali ver. 2.0,2010,spring,completed,Short TV,,,1
481,Naruto: Shippuuden,2010,spring,completed,TV,,,1
482,Yojouhan Shinwa Taikei,2010,spring,completed,TV,,,1
483,Yutori-chan,2010,spring,completed,Short TV,,,1
484,Armitage III: Dual-Matrix,2010,summer,completed,OVA,,,1
485,Colorful,2010,summer,completed,Movie,,,1
486,Cyber City Oedo 808,2010,summer,completed,TV,,,1
487,Death Billiards,2010,summer,completed,OVA,,,1
488,Kaichuu!,2010,summer,completed,OVA,,,1
489,Kuroshitsuji II,2010,summer,completed,TV,,,1
490,Mitsudomoe,2010,summer,completed,TV,,,1
491,Seitokai Yakuindomo,2010,summer,completed,TV,,,1
492,Strike Witches 2,2010,summer,completed,TV,,,1
493,The Legend of the Legendary Heroes,2010,summer,completed,TV,,,1
494,Boruto: Naruto the Movie,2010,fall,completed,Movie,,,1
495,Dream Hunter Rem,2010,fall,completed,OVA,,,1
496,Eureka Seven,2010,fall,completed,TV,,,1
497,Kami nomi zo Shiru Sekai,2010,fall,completed,TV,,,1
498,Kuragehime,2010,fall,completed,TV,,,1
499,Mardock Scramble: The First Compression,2010,fall,completed,Movie,,,1
500,Motto To LOVE-Ru,2010,fall,completed,TV,,,1
501,Sora no Otoshimono: Forte,2010,fall,completed,TV,,,1
502,Soredemo Machi wa Mawatteiru,2010,fall,completed,TV,,,1
503,To LOVE-Ru,2010,fall,completed,OVA,,,1
504,To LOVE-Ru OVA,2010,fall,completed,TV,,,1
505,5 Centimeters per Second,2010,other,completed,Movie,,,1
506,Binbou Shimai Monogatari (Poor Sisters Story),2010,other,completed,TV,,,1
507,Boogiepop Phantom,2010,other,completed,TV,,,1
508,Damekko Doubutsu,2010,other,completed,TV,,,1
509,Devil May Cry,2010,other,completed,TV,,,1
510,Eikoku Koi Monogatari Emma,2010,other,completed,TV,,,1
511,Eikoku Koi Monogatari Emma: Molders-hen,2010,other,completed,TV,,,1
512,Fate/Prototype,2010,other,completed,OVA,,,1
513,Fate/stay night,2010,other,completed,TV,,,1
514,Fate/stay night Movie: Unlimited Blade Works,2010,other,completed,Movie,,,1
515,Fushigi Yuugi,2010,other,completed,TV,,,1
516,Fushigi Yuugi OVA 1,2010,other,completed,TV,,,1
517,Futari Ecchi,2010,other,completed,OVA,,,1
518,Zan Sayonara Zetsubou Sensei,2010,other,completed,TV,,,1
519,Zan Sayonara Zetsubou Sensei Bangaichi,2010,other,completed,TV,,,1
520,5 Centimeters per Second,2009,other,completed,TV,test comment,,1
521,Akira,2009,other,completed,Movie,(re-watch),,1
522,Amaama to Inazuma,2009,other,unwatched,TV,,https://myanimelist.net/anime/32828/Amaama_to_Inazuma,1
523,Anima Yell!,2009,other,unwatched,TV,,https://myanimelist.net/anime/37206/Anima_Yell,0
524,Anne Happy♪,2009,other,unwatched,TV,CGDCT,https://myanimelist.net/anime/31080/Anne_Happy%E2%99%AA,0
525,Aoi Hana,2009,other,completed,TV,,,1
526,Ayakashi: Japanese Classic Horror,2009,other,unwatched,TV,,https://myanimelist.net/anime/586/Ayakashi__Japanese_Classic_Horror,1
527,Baka to Test to Shoukanjuu,2009,other,completed,TV,,,1
528,BanG Dream!,2009,other,unwatched,TV,,https://myanimelist.net/anime/33573/BanG_Dream,0
529,Bartender,2009,other,completed,TV,,,1
530,Binchou-tan,2009,other,unwatched,TV,dl,https://myanimelist.net/anime/750/Binchou-tan,1
531,Black Lagoon,2009,other,completed,TV,,,1
532,Blue Gender,2009,other,unwatched,TV,,https://myanimelist.net/anime/58/Blue_Gender?q=Blue Gender&cat=anime,1
533,Blue Submarine No. 6,2009,other,unwatched,OVA,,https://myanimelist.net/anime/1051/Ao_no_6-gou?q=Blue Submarine No.&cat=anime,1
534,"Boku no Imouto wa \Osaka Okan\""""",2009,other,completed,TV,хуита,,1
535,"Boku, Otaryman.",2009,other,completed,TV,,,1
536,Bokura ga Ita,2009,other,completed,TV,,,1
537,Boogiepop Phantom,2009,other,completed,TV,(re-watch),,1
538,Brigadoon: Marin to Melan,2009,other,completed,TV,,,1
539,Canvas 2: Niji-iro no Sketch,2009,other,completed,TV,,,1
540,Canvas OVA,2009,other,completed,OVA,,,1
541,Casshern Sins,2009,other,completed,TV,(re-watch),,1
542,Chobits,2009,other,completed,TV,,,1
543,Code Geass: Boukoku no Akito 1,2009,other,completed,Movie,,,1
544,Code Geass: Boukoku no Akito 2,2009,other,completed,Movie,,,1
545,Cosprayers,2009,other,completed,TV,,,1
546,Cyber City Oedo 808,2009,other,unwatched,OVA,,https://myanimelist.net/anime/1352/Cyber_City_Oedo_808?q=Cyber City Oedo 808&cat=anime,1
547,Death Note,2009,other,completed,TV,(re-watch),,1
548,Dragon ball,2009,other,completed,TV,,,1
549,Erementar Gerad,2009,other,unwatched,TV,,https://myanimelist.net/anime/1250,1
550,Figure 17: Tsubasa & Hikaru,2009,other,unwatched,TV,,https://myanimelist.net/anime/1126/Figure_17__Tsubasa___Hikaru,1
551,Full Metal Alchemist,2009,other,completed,TV,норм,,1
552,"Futsuu no Joshikousei ga ""Locodol"" Yattemita.",2009,other,unwatched,TV,,https://myanimelist.net/anime/22189/Futsuu_no_Joshikousei_ga_Locodol_Yattemita,1
553,GA: Geijutsuka Art Design Class,2009,other,unwatched,TV,,https://myanimelist.net/anime/5670/GA__Geijutsuka_Art_Design_Class,1
554,Gakuen Utopia Manabi Straight!,2009,other,unwatched,TV,,https://myanimelist.net/anime/1858/Gakuen_Utopia_Manabi_Straight,1
555,Galaxy Angel,2009,other,unwatched,TV,,https://myanimelist.net/anime/383/Galaxy_Angel,1
556,Genei wo Kakeru Taiyou  Day Break Illusion,2009,other,unwatched,TV,,https://myanimelist.net/anime/17651/Genei_wo_Kakeru_Taiyou?q=Genei%20wo%20Kakeru%20Taiyou&cat=anime,0
557,Genius Party,2009,other,unwatched,Movie,,https://myanimelist.net/anime/3508/Genius_Party,1
558,Haibane Renmei,2009,other,completed,TV,(re-watch),,1
559,Hanayamata,2009,other,unwatched,TV,,https://myanimelist.net/anime/21681/Hanayamata,1
560,Hatsukoi Limited,2009,other,completed,TV,,,1
561,Hayate no Gotoku!!,2009,other,completed,TV,,,1
562,Heartcatch Precure!,2009,other,completed,TV,,,1
563,Heartcatch Precure! Movie,2009,other,completed,TV,,,1
564,Higashi no Eden,2009,other,completed,TV,,,1
565,Hinako Note,2009,other,unwatched,TV,,https://myanimelist.net/anime/33948/Hinako_Note,1
566,Ikoku Meiro no Croisée The Animation,2009,other,unwatched,TV,,https://myanimelist.net/anime/9938/Ikoku_Meiro_no_Croisée_The_Animation,1
567,Inukami!,2009,other,unwatched,TV,,https://myanimelist.net/anime/940/Inukami,1
568,Japan Anima(tor)'s Exhibition,2009,other,completed,OVA,,,1
569,Kaiba,2009,other,completed,TV,(re-watch),,1
570,Kaitou Reinya (short),2009,other,completed,Short TV,,,1
571,Kamichu!,2009,other,unwatched,TV,,https://myanimelist.net/anime/489/Kamichu,1
572,Kanamemo,2009,other,completed,TV,,https://myanimelist.net/anime/5914/Kanamemo,1
573,Kannazuki no Miko,2009,other,unwatched,TV,,https://myanimelist.net/anime/143/Kannazuki_no_Miko?q=Kannazuki no Miko&cat=anime,1
574,Katanagatari,2009,other,completed,TV,,,1
575,Kimi ni Todoke,2009,other,completed,TV,,,1
576,Kimi ni Todoke 2nd Season,2009,other,completed,TV,,,1
577,KimiKiss Pure Rouge,2009,other,completed,TV,,https://myanimelist.net/anime/2927,0
578,Kiniro Mosaic,2009,other,completed,TV,,https://myanimelist.net/anime/16732,1
579,Koukaku Kidoutai: Stand Alone Complex,2009,other,unwatched,TV,,https://myanimelist.net/anime/467,1
580,Kujibiki Unbalance,2009,other,unwatched,OVA,,https://myanimelist.net/anime/669/Kujibiki_Unbalance?q=Kujibiki Unbalance&cat=anime,1
581,Layton Kyouju to Eien no Utahime,2009,other,completed,TV,,,1
582,Love Lab,2009,other,unwatched,TV,,https://myanimelist.net/anime/16353/Love_Lab,1
583,Love Live! Sunshine!!,2009,other,unwatched,TV,,https://myanimelist.net/anime/32526/Love_Live_Sunshine,1
584,Madlax,2009,other,unwatched,TV,,https://myanimelist.net/anime/252/Madlax?q=Madlax&cat=anime,1
585,Magic Knight Rayearth,2009,other,unwatched,TV,,https://myanimelist.net/anime/435/Magic_Knight_Rayearth?q=ray&cat=anime,1
586,Mahou Shoujo Ikusei Keikaku,2009,other,unwatched,TV,,https://myanimelist.net/anime/33003/Mahou_Shoujo_Ikusei_Keikaku?q=Mahou%20Shoujo%20Ikusei%20Keikaku&cat=anime,0
587,Mahou Shoujo Site,2009,other,unwatched,TV,,https://myanimelist.net/anime/36266/Mahou_Shoujo_Site?q=Mahou%20Shoujo%20Site&cat=anime,0
588,Minami-ke Tadaima,2009,other,unwatched,TV,,https://myanimelist.net/anime/14511/Minami-ke_Tadaima,1
589,Mokke,2009,other,unwatched,TV,,https://myanimelist.net/anime/2931/Mokke,1
590,Momoko,2009,other,completed,TV,,,1
591,Nana,2009,other,completed,TV,,https://myanimelist.net/anime/877/Nana,1
592,Narutaru: Mukuro Naru Hoshi Tama Taru Ko,2009,other,unwatched,TV,,https://myanimelist.net/anime/838/Narutaru__Mukuro_Naru_Hoshi_Tama_Taru_Ko?q=Narutaru&cat=anime,1
593,Natsu no Arashi!,2009,other,completed,TV,,,1
594,Needless,2009,other,completed,TV,,,1
595,Nekojiru-sou,2009,other,completed,OVA,(re-watch),,1
596,Ningyo no Kizu,2009,other,unwatched,OVA,,https://myanimelist.net/anime/2017,1
597,Nodame Cantabile Finale,2009,other,completed,TV,,,1
598,Noir,2009,other,unwatched,TV,,https://myanimelist.net/anime/272/Noir?q=Noir&cat=anime,1
599,Nurse Witch Komugi,2009,other,unwatched,OVA,,https://myanimelist.net/anime/615/Nurse_Witch_Komugi-chan_Magikarte,1
600,Outlaw Star,2009,other,unwatched,TV,,https://myanimelist.net/anime/400,1
601,Over Drive,2009,other,unwatched,TV,,https://myanimelist.net/anime/2112/Over_Drive,1
602,Pandora Hearts,2009,other,completed,TV,,,1
603,Papa no Iukoto wo Kikinasai!,2009,other,unwatched,TV,,https://myanimelist.net/anime/11179/Papa_no_Iukoto_wo_Kikinasai,1
604,Paranoia Agent,2009,other,unwatched,TV,(re-watch),,1
605,Phantom: Requiem for the Phantom,2009,other,completed,TV,,,1
606,Potemayo,2009,other,unwatched,TV,,https://myanimelist.net/anime/2744,1
607,Princess Lover!,2009,other,completed,TV,,,1
608,RD Sennou Chousashitsu,2009,other,unwatched,TV,,https://myanimelist.net/anime/3363,1
609,Rainbow: Nisha Rokubou no Shichinin,2009,other,completed,TV,про зеков,,1
610,Requiem from the Darkness,2009,other,unwatched,TV,,https://myanimelist.net/anime/279/Kyougoku_Natsuhiko__Kousetsu_Hyaku_Monogatari?q=Requiem from the Darkness&cat=anime,1
611,Sabage-bu!,2009,other,unwatched,TV,,https://myanimelist.net/anime/20709/Sabage-bu,1
612,Seikai no Senki,2009,other,completed,TV,,,1
613,Seitokai no Ichizon,2009,other,completed,TV,,,1
614,Senjou no Valkyria: Gallian Chronicles,2009,other,completed,TV,,,1
615,Shigurui,2009,other,unwatched,TV,(re-watch),,1
616,Simoun,2009,other,unwatched,TV,,https://myanimelist.net/anime/879,1
617,SoRaNoWoTo,2009,other,completed,TV,,,1
618,Sora no Otoshimono,2009,other,completed,TV,,,1
619,Sore ga Seiyuu!,2009,other,unwatched,TV,,,1
620,Tamako Market,2009,other,unwatched,TV,,,1
621,Tamayura: Hitotose,2009,other,unwatched,TV,,,1
622,Tayutama: Kiss on my Deity,2009,other,completed,TV,,,1
623,The iDOLM@STER Shiny Festa,2009,other,unwatched,OVA,,https://myanimelist.net/anime/14835/The_iDOLMSTER_Shiny_Festa,0
624,Tokyo Godfathers,2009,other,unwatched,Movie,re-watch,https://myanimelist.net/anime/759/Tokyo_Godfathers,1
625,Tokyo Magnitude 8.0,2009,other,completed,TV,,,1
626,Tonari no Kyuuketsuki-san,2009,other,unwatched,TV,,https://myanimelist.net/anime/37579/Tonari_no_Kyuuketsuki-san,0
627,Uchuu Show e Youkoso,2009,other,completed,TV,,,1
628,Uchuu no Stellvia,2009,other,unwatched,TV,,https://myanimelist.net/anime/113,1
629,Umi Monogatari: Anata ga Ite Kureta Koto,2009,other,completed,TV,,,1
630,Urara Meirochou,2009,other,completed,TV,,https://myanimelist.net/anime/32924/Urara_Meirochou,1
631,"Wake Up, Girls!",2009,other,unwatched,TV,,https://myanimelist.net/anime/19023/Wake_Up_Girls?q=Wake%20Up%2C%20Girls!&cat=anime,0
842,White Album 2,2009,other,unwatched,TV,,https://myanimelist.net/anime/2927/KimiKiss_Pure_Rouge,0
632,Yahari Ore no Seishun Love Comedy wa Machigatteiru.,2009,other,unwatched,TV,dl,https://myanimelist.net/anime/14813/Yahari_Ore_no_Seishun_Love_Comedy_wa_Machigatteiru,1
633,Yama no Susume,2009,other,unwatched,Short TV,,,1
634,Yami to Boushi to Hon no Tabibito,2009,other,unwatched,TV,,https://myanimelist.net/anime/497/Yami_to_Boushi_to_Hon_no_Tabibito,1
844,Lucky☆Star,2007,other,unwatched,TV,rewatch,https://myanimelist.net/anime/1887/Lucky%E2%98%86Star,0
843,Suzuka,2005,other,unwatched,TV,,https://myanimelist.net/anime/390/Suzuka,0
635,Aishiteruze Baby★★,2004,other,watching,TV,,https://myanimelist.net/anime/102/Aishiteruze_Baby%E2%98%85%E2%98%85,0
636,Mahou Senshi Louie,2001,other,unwatched,TV,,https://myanimelist.net/anime/1164/Mahou_Senshi_Louie,0
637,07-Ghost,2000,other,completed,,,,1
638,2x2=Shinobuden,2000,other,completed,,,,1
639,Aa! Megami-sama!,2000,other,completed,,,,1
640,Abenobashi Mahou Shoutengai,2000,other,completed,,,,1
641,Afro Samurai,2000,other,completed,,,,1
642,Ai Mai Mi,2000,other,completed,,,,1
643,Alice in Cyberland,2000,other,completed,,,,1
644,Alien 9,2000,other,completed,,,,1
645,Allison & Lillia,2000,other,completed,,,,1
646,Amon: Devilman Mokushiroku,2000,other,completed,,,,1
647,Armitage III,2000,other,completed,,,,1
648,Bamboo Blade,2000,other,completed,,,,1
649,Barefoot Gen,2000,other,completed,,,,1
650,Bartender,2000,other,completed,,,,1
651,Binbou Shimai Monogatari (Poor Sisters Story),2000,other,completed,,,,1
652,Binzume Yousei,2000,other,completed,,,,1
653,Bio Hunter,2000,other,completed,,,,1
654,Black Cat,2000,other,completed,,,,1
655,Black Lagoon,2000,other,completed,,,,1
656,"Boku no Imouto wa \Osaka Okan\""""",2000,other,completed,,,,1
657,Bokura ga Ita,2000,other,completed,,,,1
658,Brave Story,2000,other,completed,,,,1
659,Brigadoon,2000,other,completed,,,,1
660,Bubblegum Crisis,2000,other,completed,,,,1
661,Bubblegum Crisis Crash,2000,other,completed,,,,1
662,Chobits,2000,other,completed,,,,1
663,Cosprayers,2000,other,completed,,,,1
664,Crest & Banner of the Stars,2000,other,completed,,,,1
665,Damekko Doubutsu,2000,other,completed,,,,1
666,Death Billiards,2000,other,completed,,,,1
667,Devil May Cry,2000,other,completed,,,,1
668,Dragon Ball,2000,other,completed,,,,1
669,Dream Hunter Rem,2000,other,completed,,,,1
670,Eikoku Koi Monogatari Emma,2000,other,completed,,,,1
671,Eureka Seven,2000,other,completed,,,,1
672,Fantastic Children,2000,other,completed,,,,1
673,Fate/stay night,2000,other,completed,,,,1
674,Flag,2000,other,completed,,,,1
675,Flanders no Inu (Movie),2000,other,completed,,,,1
676,Fushigi Yuugi,2000,other,completed,,,,1
677,Futari Ecchi,2000,other,completed,,,,1
678,Ga-Rei zero,2000,other,completed,,,,1
679,Gake no Ue no Ponyo,2000,other,completed,,,,1
680,Gakkou no Kowai Uwasa: Hanako-san ga Kita!!,2000,other,completed,,,,1
681,Gankutsuou,2000,other,completed,,,,1
682,Ghost in the Shell,2000,other,completed,,,,1
683,Gilgamesh,2000,other,completed,,,,1
684,Giniro no Kami no Agito,2000,other,completed,,,,1
685,Giovanni no Shima,2000,other,completed,,,,1
686,Gokusen,2000,other,completed,,,,1
687,Gunbuster,2000,other,completed,TV,,,1
688,Gungrave,2000,other,completed,,,,1
689,Gunsmith Cats,2000,other,completed,,,,1
690,Hanbun no Tsuki ga Noboru Sora,2000,other,completed,,,,1
691,Hataraki Man,2000,other,completed,,,,1
692,Hayate no gotoku,2000,other,completed,,,,1
693,Heartcatch Precure!,2000,other,completed,,,,1
694,Hellsing Ultimate,2000,other,completed,,,,1
695,Hikaru no Go,2000,other,completed,,,,1
696,Honey and Clover,2000,other,completed,,,,1
697,Hotarubi no Mori e,2000,other,completed,,,,1
698,Hyakko,2000,other,completed,,,,1
699,I: Wish You Were Here,2000,other,completed,,,,1
700,Iblard Jikan,2000,other,completed,,,,1
701,Ichigo mashimaro,2000,other,completed,,,,1
702,"Ima, Soko ni Iru Boku",2000,other,completed,,,,1
703,Inferno Cop,2000,other,completed,,,,1
704,Infinite Ryvius,2000,other,completed,,,,1
705,Itazura na Kiss,2000,other,completed,,,,1
706,Jin-Roh,2000,other,completed,,,,1
707,Joshikousei: Girl's High,2000,other,completed,,,,1
708,Juubee Ninpuuchou,2000,other,completed,,,,1
709,Juuni Kokuki (The Twelve Kingdoms),2000,other,completed,,,,1
710,Jyu-Oh-Sei,2000,other,completed,,,,1
711,Kaichou wa Maid-sama!,2000,other,completed,,,,1
712,Kareshi Kanojo no Jijou,2000,other,completed,,,,1
713,Kaze Tachinu,2000,other,completed,,,,1
714,Kemonozume,2000,other,completed,,,,1
715,Kiki's Delivery Service,2000,other,completed,,,,1
716,Kimi ga Nozomu eien,2000,other,completed,,,,1
717,Kurenai,2000,other,completed,,,,1
718,Kuroshitsuji,2000,other,completed,,,,1
719,Last Exile,2000,other,completed,,,,1
720,MD Geist,2000,other,unwatched,,,,1
721,Mahou Shoujo Lyrical Nanoha,2000,other,completed,,,,1
722,Mai-HiME,2000,other,completed,,,,1
723,Mai-Otome,2000,other,completed,,,,1
724,Makai Toshi Shinjuku,2000,other,completed,,,,1
725,Mardock Scramble: The First Compression,2000,other,completed,,,,1
726,Memories,2000,other,completed,,,,1
727,Memory (ONA),2000,other,unwatched,,,,1
728,Metropolis,2000,other,completed,,,,1
729,Midnight Eye: Gokuu,2000,other,completed,,,,1
730,Midori no Hibi,2000,other,completed,,,,1
731,Mind Game,2000,other,completed,,,,1
732,Mnemosyne: Mnemosyne no Musume-tachi,2000,other,completed,,,,1
733,Mononoke Hime,2000,other,completed,,,,1
734,Moribito - Guardian of the Spirit,2000,other,completed,,,,1
735,Natsu no arashi,2000,other,completed,,,,1
736,Noein,2000,other,completed,,,,1
737,Omoide Poroporo,2000,other,unwatched,,,,1
738,One outs,2000,other,completed,,,,1
739,Ookami Kodomo no Ame to Yuki,2000,other,completed,,,,1
740,Ouran High School Host club,2000,other,unwatched,,,,1
741,Pale Cocoon,2000,other,completed,OVA,,,1
742,Paradise Kiss,2000,other,completed,,,,1
743,Planetes,2000,other,completed,,,,1
744,Popotan,2000,other,completed,,,,1
745,Princess Tutu,2000,other,completed,,,,1
746,Red Garden,2000,other,unwatched,,,,1
747,Redline,2000,other,completed,,,,1
748,Renkin San-kyuu Magical? Pokaan,2000,other,completed,,,,1
749,Saiunkoku Monogatari,2000,other,unwatched,,,,1
750,Sakasama no Patema,2000,other,completed,,,,1
751,Salaryman Kintarou,2000,other,unwatched,,,,1
752,Samurai 7,2000,other,unwatched,,,,1
753,Samurai Champloo,2000,other,unwatched,,,,1
754,School Rumble,2000,other,unwatched,,,,1
755,Scryed,2000,other,unwatched,,,,1
756,Seirei no Moribito,2000,other,completed,,,,1
757,Seitokai no Ichizon,2000,other,completed,,,,1
758,Senjou no Valkyria,2000,other,completed,,,,1
760,Sexy Commando Gaiden: Sugoiyo!! Masaru-san,2000,other,unwatched,,,,1
761,Shamanic Princess,2000,other,watching,,,,1
762,Shigofumi,2000,other,unwatched,,,,1
763,Shinreigari,2000,other,unwatched,,,,1
764,Shion no Ou,2000,other,completed,,,,1
765,Shoujo Tsubaki,2000,other,completed,,,,0
766,Shuffle!,2000,other,unwatched,,,,1
767,Sketchbook: Full Color's,2000,other,unwatched,TV,,,1
768,Soukyuu no Fafner,2000,other,unwatched,,,,1
769,SoulTaker,2000,other,unwatched,,,,1
770,Speed Grapher,2000,other,unwatched,,,,1
771,Spiral: Suiri no Kizuna,2000,other,unwatched,,,,1
772,Starship operators,2000,other,watching,,,,1
773,Steamboy,2000,other,unwatched,,,,1
774,Strawberry panic,2000,other,unwatched,,,,1
775,Summer wars,2000,other,completed,,,,1
776,Super Seisyun Brothers,2000,other,unwatched,,,,1
777,Sword of the Stranger,2000,other,completed,,,,1
778,TO Love Ru,2000,other,completed,,,,1
779,Taiho Shichau zo,2000,other,unwatched,,,,1
780,Tales of Vesperia: The First Strike,2000,other,unwatched,,,,1
781,Tatakae!! Iczer-1,2000,other,unwatched,,,,1
782,Tenchi Muyou!,2000,other,unwatched,,,,1
783,The Animatrix,2000,other,unwatched,,,,1
784,The Big O,2000,other,unwatched,,,,1
785,The Cockpit,2000,other,unwatched,,,,1
786,To Heart 2,2000,other,unwatched,,,,1
787,Tokyo Mew Mew,2000,other,unwatched,,,,1
788,Touhou Sangetsusei: Eastern and Little Nature Deity,2000,other,unwatched,TV,2005,https://myanimelist.net/manga/175/Touhou_Sangetsusei__Eastern_and_Little_Nature_Deity,1
789,Towa no Quon,2000,other,completed,,,,1
790,Trinity Blood,2000,other,unwatched,,,,1
791,True Tears,2000,other,unwatched,,,,1
792,Tsubasa chronicle,2000,other,completed,,,,1
793,Tsukuyomi: Moon Phase,2000,other,unwatched,,,,1
794,Tytania,2000,other,unwatched,,,,1
795,Umi ga Kikoeru,2000,other,unwatched,,,,1
796,Utawarerumono,2000,other,unwatched,,,,1
797,Vampire Hunter D,2000,other,unwatched,,,,1
798,Vampire Knight,2000,other,completed,,,,1
799,Vandread,2000,other,unwatched,,,,1
800,Wagaya no Oinari-sama.,2000,other,unwatched,,,,1
801,Wangan Midnight,2000,other,unwatched,,,,1
802,Wild 7,2000,other,unwatched,,,,1
803,Winter Sonata,2000,other,unwatched,,,,1
804,Witch Hunter Robin,2000,other,unwatched,,,,1
805,Witchblade,2000,other,unwatched,,,,1
806,Wonderful Days,2000,other,unwatched,,,,1
807,X,2000,other,unwatched,,,,1
808,Xenosaga The Animation,2000,other,unwatched,,,,1
809,Yami Shibai,2000,other,completed,,,,1
810,Yoake Mae yori Ruriiro na: Crescent Love,2000,other,completed,,,,1
811,Yoiko,2000,other,unwatched,,,,1
812,Yomigaeru Sora: Rescue Wings,2000,other,unwatched,,,,1
813,Yukikaze,2000,other,unwatched,,,,1
814,Zegapain,2000,other,unwatched,,,,1
815,Zero no Tsukaima,2000,other,unwatched,,,,1
816,Zettai Shounen,2000,other,unwatched,TV,,,1
817,sola,2000,other,unwatched,,,,1
